<linker>
  <assembly fullname="System.Private.CoreLib">
    <type fullname="System.Numerics.Vector">
      <method signature="System.Boolean get_IsHardwareAccelerated()" body="stub" value="false" />
    </type>
    <type fullname="System.Runtime.Intrinsics.Vector128">
      <method signature="System.Boolean get_IsHardwareAccelerated()" body="stub" value="false" />
    </type>
    <type fullname="System.Runtime.Intrinsics.Wasm.PackedSimd">
      <method signature="System.Boolean get_IsSupported()" body="stub" value="false" />
    </type>
  </assembly>
</linker>
